"LOCATION","INDICATOR","SUBJECT","MEASURE","FREQUENCY","TIME","Value","Flag Codes"
"AUS","AVWAGE","TOT","USD","A","1990",40717.4831238073,
"AUS","AVWAGE","TOT","USD","A","1991",40523.5900782983,
"AUS","AVWAGE","TOT","USD","A","1992",41337.0464496447,
"AUS","AVWAGE","TOT","USD","A","1993",41717.5780272611,
"AUS","AVWAGE","TOT","USD","A","1994",42000.4197968986,
"AUS","AVWAGE","TOT","USD","A","1995",41838.9935389135,
"AUS","AVWAGE","TOT","USD","A","1996",43078.4919944507,
"AUS","AVWAGE","TOT","USD","A","1997",44367.739943346,
"AUS","AVWAGE","TOT","USD","A","1998",44997.1805104061,
"AUS","AVWAGE","TOT","USD","A","1999",46056.2170881819,
"AUS","AVWAGE","TOT","USD","A","2000",46156.0047121828,
"AUS","AVWAGE","TOT","USD","A","2001",46658.3804852012,
"AUS","AVWAGE","TOT","USD","A","2002",46979.506131264,
"AUS","AVWAGE","TOT","USD","A","2003",47529.0885545581,
"AUS","AVWAGE","TOT","USD","A","2004",49007.9772384394,
"AUS","AVWAGE","TOT","USD","A","2005",49641.4713839173,
"AUS","AVWAGE","TOT","USD","A","2006",49962.5233994728,
"AUS","AVWAGE","TOT","USD","A","2007",51341.2511054947,
"AUS","AVWAGE","TOT","USD","A","2008",51755.3025783172,
"AUS","AVWAGE","TOT","USD","A","2009",51286.0480908596,
"AUS","AVWAGE","TOT","USD","A","2010",53054.7258534218,
"AUS","AVWAGE","TOT","USD","A","2011",54732.8801607659,
"AUS","AVWAGE","TOT","USD","A","2012",55058.2119406553,
"AUS","AVWAGE","TOT","USD","A","2013",54805.6245489794,
"AUS","AVWAGE","TOT","USD","A","2014",55226.3203023977,
"AUS","AVWAGE","TOT","USD","A","2015",54773.9937610653,
"AUS","AVWAGE","TOT","USD","A","2016",54799.8625972134,
"AUS","AVWAGE","TOT","USD","A","2017",54327.0447669041,
"AUS","AVWAGE","TOT","USD","A","2018",54147.4704963865,
"AUS","AVWAGE","TOT","USD","A","2019",54401.4252961007,
"AUT","AVWAGE","TOT","USD","A","1990",42961.5273902075,
"AUT","AVWAGE","TOT","USD","A","1991",44304.4441041395,
"AUT","AVWAGE","TOT","USD","A","1992",45197.0168066897,
"AUT","AVWAGE","TOT","USD","A","1993",45565.5210898905,
"AUT","AVWAGE","TOT","USD","A","1994",46024.6070418706,
"AUT","AVWAGE","TOT","USD","A","1995",46395.3876950754,
"AUT","AVWAGE","TOT","USD","A","1996",46048.905967106,
"AUT","AVWAGE","TOT","USD","A","1997",45667.1282247395,
"AUT","AVWAGE","TOT","USD","A","1998",47134.225192324,
"AUT","AVWAGE","TOT","USD","A","1999",48169.2551322294,
"AUT","AVWAGE","TOT","USD","A","2000",48301.7717156167,
"AUT","AVWAGE","TOT","USD","A","2001",48178.3274349428,
"AUT","AVWAGE","TOT","USD","A","2002",48888.551595148,
"AUT","AVWAGE","TOT","USD","A","2003",49031.3259177603,
"AUT","AVWAGE","TOT","USD","A","2004",49953.3668689519,
"AUT","AVWAGE","TOT","USD","A","2005",50217.1538083197,
"AUT","AVWAGE","TOT","USD","A","2006",50947.0579173528,
"AUT","AVWAGE","TOT","USD","A","2007",51196.6444330899,
"AUT","AVWAGE","TOT","USD","A","2008",52102.6422610043,
"AUT","AVWAGE","TOT","USD","A","2009",52941.0953685807,
"AUT","AVWAGE","TOT","USD","A","2010",52718.8900450006,
"AUT","AVWAGE","TOT","USD","A","2011",52179.3702349736,
"AUT","AVWAGE","TOT","USD","A","2012",52445.8986342784,
"AUT","AVWAGE","TOT","USD","A","2013",52510.315695527,
"AUT","AVWAGE","TOT","USD","A","2014",52711.04885048,
"AUT","AVWAGE","TOT","USD","A","2015",53052.2166796717,
"AUT","AVWAGE","TOT","USD","A","2016",53589.1885999541,
"AUT","AVWAGE","TOT","USD","A","2017",53436.6122348035,
"AUT","AVWAGE","TOT","USD","A","2018",53560.9235051219,
"AUT","AVWAGE","TOT","USD","A","2019",53902.949044976,
"BEL","AVWAGE","TOT","USD","A","1990",42574.4762943192,
"BEL","AVWAGE","TOT","USD","A","1991",44446.0201730979,
"BEL","AVWAGE","TOT","USD","A","1992",45872.947831268,
"BEL","AVWAGE","TOT","USD","A","1993",46836.4706424247,
"BEL","AVWAGE","TOT","USD","A","1994",47745.6278237483,
"BEL","AVWAGE","TOT","USD","A","1995",47583.9422118114,
"BEL","AVWAGE","TOT","USD","A","1996",48182.8524416814,
"BEL","AVWAGE","TOT","USD","A","1997",48794.9987365918,
"BEL","AVWAGE","TOT","USD","A","1998",48822.5235560117,
"BEL","AVWAGE","TOT","USD","A","1999",51546.1031358914,
"BEL","AVWAGE","TOT","USD","A","2000",51082.8287299159,
"BEL","AVWAGE","TOT","USD","A","2001",51241.6298013743,
"BEL","AVWAGE","TOT","USD","A","2002",52823.8256837971,
"BEL","AVWAGE","TOT","USD","A","2003",53134.3582417648,
"BEL","AVWAGE","TOT","USD","A","2004",52859.0908363352,
"BEL","AVWAGE","TOT","USD","A","2005",52365.1407628414,
"BEL","AVWAGE","TOT","USD","A","2006",52723.4490796871,
"BEL","AVWAGE","TOT","USD","A","2007",52631.2082922448,
"BEL","AVWAGE","TOT","USD","A","2008",52839.6136926183,
"BEL","AVWAGE","TOT","USD","A","2009",53566.1787457836,
"BEL","AVWAGE","TOT","USD","A","2010",53340.909492852,
"BEL","AVWAGE","TOT","USD","A","2011",53885.528222443,
"BEL","AVWAGE","TOT","USD","A","2012",54295.4178020329,
"BEL","AVWAGE","TOT","USD","A","2013",54844.5479306664,
"BEL","AVWAGE","TOT","USD","A","2014",55116.6019475961,
"BEL","AVWAGE","TOT","USD","A","2015",54737.0387803479,
"BEL","AVWAGE","TOT","USD","A","2016",54883.6518039581,
"BEL","AVWAGE","TOT","USD","A","2017",54626.065325507,
"BEL","AVWAGE","TOT","USD","A","2018",55065.8114740263,
"BEL","AVWAGE","TOT","USD","A","2019",55590.1304610982,
"CAN","AVWAGE","TOT","USD","A","1990",40132.7065267374,
"CAN","AVWAGE","TOT","USD","A","1991",40283.2341593998,
"CAN","AVWAGE","TOT","USD","A","1992",40872.3039113246,
"CAN","AVWAGE","TOT","USD","A","1993",40784.628784171,
"CAN","AVWAGE","TOT","USD","A","1994",40321.4392140257,
"CAN","AVWAGE","TOT","USD","A","1995",40230.734273925,
"CAN","AVWAGE","TOT","USD","A","1996",40587.6979847312,
"CAN","AVWAGE","TOT","USD","A","1997",41830.0510159934,
"CAN","AVWAGE","TOT","USD","A","1998",42533.0914841956,
"CAN","AVWAGE","TOT","USD","A","1999",42877.7925416315,
"CAN","AVWAGE","TOT","USD","A","2000",44177.8132457922,
"CAN","AVWAGE","TOT","USD","A","2001",43996.9869547643,
"CAN","AVWAGE","TOT","USD","A","2002",43630.1286590835,
"CAN","AVWAGE","TOT","USD","A","2003",43646.4219296388,
"CAN","AVWAGE","TOT","USD","A","2004",44603.994601821,
"CAN","AVWAGE","TOT","USD","A","2005",45888.283339803,
"CAN","AVWAGE","TOT","USD","A","2006",47301.9587676709,
"CAN","AVWAGE","TOT","USD","A","2007",48572.5961213758,
"CAN","AVWAGE","TOT","USD","A","2008",49450.137785001,
"CAN","AVWAGE","TOT","USD","A","2009",49892.5816552017,
"CAN","AVWAGE","TOT","USD","A","2010",49996.2396913833,
"CAN","AVWAGE","TOT","USD","A","2011",50529.9000353991,
"CAN","AVWAGE","TOT","USD","A","2012",51189.0344222284,
"CAN","AVWAGE","TOT","USD","A","2013",51716.6243580799,
"CAN","AVWAGE","TOT","USD","A","2014",52325.3423137483,
"CAN","AVWAGE","TOT","USD","A","2015",52693.6472898623,
"CAN","AVWAGE","TOT","USD","A","2016",51562.7393360527,
"CAN","AVWAGE","TOT","USD","A","2017",52219.392721118,
"CAN","AVWAGE","TOT","USD","A","2018",52831.4837013196,
"CAN","AVWAGE","TOT","USD","A","2019",53198.172958054,
"CZE","AVWAGE","TOT","USD","A","1995",14117.6724195182,
"CZE","AVWAGE","TOT","USD","A","1996",15536.4912521587,
"CZE","AVWAGE","TOT","USD","A","1997",15759.6763556429,
"CZE","AVWAGE","TOT","USD","A","1998",15703.6718908675,
"CZE","AVWAGE","TOT","USD","A","1999",16295.8118713751,
"CZE","AVWAGE","TOT","USD","A","2000",16836.3509505026,
"CZE","AVWAGE","TOT","USD","A","2001",17682.5541690343,
"CZE","AVWAGE","TOT","USD","A","2002",18752.9986373636,
"CZE","AVWAGE","TOT","USD","A","2003",20169.9574915863,
"CZE","AVWAGE","TOT","USD","A","2004",21163.6535938234,
"CZE","AVWAGE","TOT","USD","A","2005",21800.6361660017,
"CZE","AVWAGE","TOT","USD","A","2006",22670.7293396077,
"CZE","AVWAGE","TOT","USD","A","2007",23354.1664251215,
"CZE","AVWAGE","TOT","USD","A","2008",23365.3095526015,
"CZE","AVWAGE","TOT","USD","A","2009",23312.1374853614,
"CZE","AVWAGE","TOT","USD","A","2010",23908.7739743262,
"CZE","AVWAGE","TOT","USD","A","2011",24072.4621009452,
"CZE","AVWAGE","TOT","USD","A","2012",24059.6197090714,
"CZE","AVWAGE","TOT","USD","A","2013",23805.6796241068,
"CZE","AVWAGE","TOT","USD","A","2014",24304.0473420904,
"CZE","AVWAGE","TOT","USD","A","2015",24969.5264422451,
"CZE","AVWAGE","TOT","USD","A","2016",25819.1719945996,
"CZE","AVWAGE","TOT","USD","A","2017",26888.6222120896,
"CZE","AVWAGE","TOT","USD","A","2018",28360.3647074451,
"CZE","AVWAGE","TOT","USD","A","2019",29280.7899702266,
"DNK","AVWAGE","TOT","USD","A","1990",41367.1833491269,
"DNK","AVWAGE","TOT","USD","A","1991",41557.9009643755,
"DNK","AVWAGE","TOT","USD","A","1992",42992.4915913595,
"DNK","AVWAGE","TOT","USD","A","1993",43462.2173914962,
"DNK","AVWAGE","TOT","USD","A","1994",41901.8547310508,
"DNK","AVWAGE","TOT","USD","A","1995",42781.2908322462,
"DNK","AVWAGE","TOT","USD","A","1996",43572.103726431,
"DNK","AVWAGE","TOT","USD","A","1997",44263.2125266159,
"DNK","AVWAGE","TOT","USD","A","1998",45049.9149989194,
"DNK","AVWAGE","TOT","USD","A","1999",45558.5889927983,
"DNK","AVWAGE","TOT","USD","A","2000",45532.4839514792,
"DNK","AVWAGE","TOT","USD","A","2001",45837.0004936725,
"DNK","AVWAGE","TOT","USD","A","2002",46890.2876551764,
"DNK","AVWAGE","TOT","USD","A","2003",48058.1130050066,
"DNK","AVWAGE","TOT","USD","A","2004",49142.8640670012,
"DNK","AVWAGE","TOT","USD","A","2005",49974.899248213,
"DNK","AVWAGE","TOT","USD","A","2006",50820.4934215934,
"DNK","AVWAGE","TOT","USD","A","2007",51376.2609528428,
"DNK","AVWAGE","TOT","USD","A","2008",52071.6086640911,
"DNK","AVWAGE","TOT","USD","A","2009",53330.642164322,
"DNK","AVWAGE","TOT","USD","A","2010",53947.1760103707,
"DNK","AVWAGE","TOT","USD","A","2011",53667.7383876146,
"DNK","AVWAGE","TOT","USD","A","2012",53593.4766466644,
"DNK","AVWAGE","TOT","USD","A","2013",53949.0388664434,
"DNK","AVWAGE","TOT","USD","A","2014",54978.2220883769,
"DNK","AVWAGE","TOT","USD","A","2015",55942.6251207012,
"DNK","AVWAGE","TOT","USD","A","2016",56883.1104924972,
"DNK","AVWAGE","TOT","USD","A","2017",56277.3249735482,
"DNK","AVWAGE","TOT","USD","A","2018",56827.5276724444,
"DNK","AVWAGE","TOT","USD","A","2019",57149.594305945,
"FIN","AVWAGE","TOT","USD","A","1990",34538.6520161498,
"FIN","AVWAGE","TOT","USD","A","1991",34960.4523926732,
"FIN","AVWAGE","TOT","USD","A","1992",34444.3151690528,
"FIN","AVWAGE","TOT","USD","A","1993",33245.047995433,
"FIN","AVWAGE","TOT","USD","A","1994",33726.3672215616,
"FIN","AVWAGE","TOT","USD","A","1995",35057.1876438504,
"FIN","AVWAGE","TOT","USD","A","1996",35861.8842848851,
"FIN","AVWAGE","TOT","USD","A","1997",35897.1634622768,
"FIN","AVWAGE","TOT","USD","A","1998",36851.7678710499,
"FIN","AVWAGE","TOT","USD","A","1999",37713.849475793,
"FIN","AVWAGE","TOT","USD","A","2000",38361.2419031387,
"FIN","AVWAGE","TOT","USD","A","2001",38562.9159054591,
"FIN","AVWAGE","TOT","USD","A","2002",38770.894416092,
"FIN","AVWAGE","TOT","USD","A","2003",39507.7279909814,
"FIN","AVWAGE","TOT","USD","A","2004",40810.9648372137,
"FIN","AVWAGE","TOT","USD","A","2005",41696.9379665052,
"FIN","AVWAGE","TOT","USD","A","2006",42571.7906706215,
"FIN","AVWAGE","TOT","USD","A","2007",43147.9842256788,
"FIN","AVWAGE","TOT","USD","A","2008",43515.3202725375,
"FIN","AVWAGE","TOT","USD","A","2009",43891.2541373884,
"FIN","AVWAGE","TOT","USD","A","2010",44506.635523057,
"FIN","AVWAGE","TOT","USD","A","2011",44528.2281584982,
"FIN","AVWAGE","TOT","USD","A","2012",44573.8488245899,
"FIN","AVWAGE","TOT","USD","A","2013",44137.7151486489,
"FIN","AVWAGE","TOT","USD","A","2014",44138.3428494848,
"FIN","AVWAGE","TOT","USD","A","2015",44616.2680032732,
"FIN","AVWAGE","TOT","USD","A","2016",44975.6070301603,
"FIN","AVWAGE","TOT","USD","A","2017",44864.4158738281,
"FIN","AVWAGE","TOT","USD","A","2018",45023.39388448,
"FIN","AVWAGE","TOT","USD","A","2019",45697.556152853,
"FRA","AVWAGE","TOT","USD","A","1990",34329.2623832282,
"FRA","AVWAGE","TOT","USD","A","1991",34727.6772291417,
"FRA","AVWAGE","TOT","USD","A","1992",35116.1213316816,
"FRA","AVWAGE","TOT","USD","A","1993",35521.8091517545,
"FRA","AVWAGE","TOT","USD","A","1994",35668.1748582216,
"FRA","AVWAGE","TOT","USD","A","1995",36200.3672065122,
"FRA","AVWAGE","TOT","USD","A","1996",36302.2200710942,
"FRA","AVWAGE","TOT","USD","A","1997",36710.9040705514,
"FRA","AVWAGE","TOT","USD","A","1998",37273.7489921597,
"FRA","AVWAGE","TOT","USD","A","1999",38096.1005531968,
"FRA","AVWAGE","TOT","USD","A","2000",38278.4081984344,
"FRA","AVWAGE","TOT","USD","A","2001",38522.0206312135,
"FRA","AVWAGE","TOT","USD","A","2002",39561.523833765,
"FRA","AVWAGE","TOT","USD","A","2003",39882.2479951529,
"FRA","AVWAGE","TOT","USD","A","2004",40535.8503619686,
"FRA","AVWAGE","TOT","USD","A","2005",41023.702296423,
"FRA","AVWAGE","TOT","USD","A","2006",41482.8195974517,
"FRA","AVWAGE","TOT","USD","A","2007",41638.1341446127,
"FRA","AVWAGE","TOT","USD","A","2008",41556.5470824675,
"FRA","AVWAGE","TOT","USD","A","2009",42878.3370156155,
"FRA","AVWAGE","TOT","USD","A","2010",43749.4888049579,
"FRA","AVWAGE","TOT","USD","A","2011",43681.7572501455,
"FRA","AVWAGE","TOT","USD","A","2012",43975.1501982576,
"FRA","AVWAGE","TOT","USD","A","2013",44345.1370852863,
"FRA","AVWAGE","TOT","USD","A","2014",44650.8580068142,
"FRA","AVWAGE","TOT","USD","A","2015",45087.6257141904,
"FRA","AVWAGE","TOT","USD","A","2016",45610.1837752837,
"FRA","AVWAGE","TOT","USD","A","2017",46162.8062472922,
"FRA","AVWAGE","TOT","USD","A","2018",46256.3619133379,
"FRA","AVWAGE","TOT","USD","A","2019",46480.6153991188,
"DEU","AVWAGE","TOT","USD","A","1991",39950.6890829622,
"DEU","AVWAGE","TOT","USD","A","1992",42307.1945958811,
"DEU","AVWAGE","TOT","USD","A","1993",42588.0167178574,
"DEU","AVWAGE","TOT","USD","A","1994",42679.9343240507,
"DEU","AVWAGE","TOT","USD","A","1995",43590.4200291676,
"DEU","AVWAGE","TOT","USD","A","1996",44097.8455416034,
"DEU","AVWAGE","TOT","USD","A","1997",43916.0063435617,
"DEU","AVWAGE","TOT","USD","A","1998",44454.3608856671,
"DEU","AVWAGE","TOT","USD","A","1999",45055.9580746729,
"DEU","AVWAGE","TOT","USD","A","2000",45309.7418274077,
"DEU","AVWAGE","TOT","USD","A","2001",45655.0801957706,
"DEU","AVWAGE","TOT","USD","A","2002",45929.5461404456,
"DEU","AVWAGE","TOT","USD","A","2003",46082.9553803277,
"DEU","AVWAGE","TOT","USD","A","2004",46084.6073354203,
"DEU","AVWAGE","TOT","USD","A","2005",46275.4124138269,
"DEU","AVWAGE","TOT","USD","A","2006",46266.433869477,
"DEU","AVWAGE","TOT","USD","A","2007",46137.9418904501,
"DEU","AVWAGE","TOT","USD","A","2008",46353.9724645,
"DEU","AVWAGE","TOT","USD","A","2009",46365.284388739,
"DEU","AVWAGE","TOT","USD","A","2010",46772.2336920823,
"DEU","AVWAGE","TOT","USD","A","2011",47738.9825993813,
"DEU","AVWAGE","TOT","USD","A","2012",48391.8570399792,
"DEU","AVWAGE","TOT","USD","A","2013",48862.1711163201,
"DEU","AVWAGE","TOT","USD","A","2014",49700.1067423596,
"DEU","AVWAGE","TOT","USD","A","2015",50878.0947661555,
"DEU","AVWAGE","TOT","USD","A","2016",51622.9848808792,
"DEU","AVWAGE","TOT","USD","A","2017",52181.3099546835,
"DEU","AVWAGE","TOT","USD","A","2018",52929.5535973284,
"DEU","AVWAGE","TOT","USD","A","2019",53637.8016034603,
"GRC","AVWAGE","TOT","USD","A","1995",23905.6832801849,
"GRC","AVWAGE","TOT","USD","A","1996",23917.1906965836,
"GRC","AVWAGE","TOT","USD","A","1997",26247.8627786737,
"GRC","AVWAGE","TOT","USD","A","1998",26621.0642829132,
"GRC","AVWAGE","TOT","USD","A","1999",27436.9739867596,
"GRC","AVWAGE","TOT","USD","A","2000",28157.7952325224,
"GRC","AVWAGE","TOT","USD","A","2001",28843.3728686744,
"GRC","AVWAGE","TOT","USD","A","2002",31415.7227417126,
"GRC","AVWAGE","TOT","USD","A","2003",32744.122568144,
"GRC","AVWAGE","TOT","USD","A","2004",33437.6797444877,
"GRC","AVWAGE","TOT","USD","A","2005",33384.7287464032,
"GRC","AVWAGE","TOT","USD","A","2006",33742.1686046835,
"GRC","AVWAGE","TOT","USD","A","2007",33807.5313699635,
"GRC","AVWAGE","TOT","USD","A","2008",33292.1867135538,
"GRC","AVWAGE","TOT","USD","A","2009",34735.8536675723,
"GRC","AVWAGE","TOT","USD","A","2010",32581.7359830476,
"GRC","AVWAGE","TOT","USD","A","2011",30397.6238289521,
"GRC","AVWAGE","TOT","USD","A","2012",28971.9046337855,
"GRC","AVWAGE","TOT","USD","A","2013",27099.7406789209,
"GRC","AVWAGE","TOT","USD","A","2014",27574.192476901,
"GRC","AVWAGE","TOT","USD","A","2015",27448.750126445,
"GRC","AVWAGE","TOT","USD","A","2016",27394.5317276328,
"GRC","AVWAGE","TOT","USD","A","2017",27321.8006133793,
"GRC","AVWAGE","TOT","USD","A","2018",27479.68523122,
"GRC","AVWAGE","TOT","USD","A","2019",27459.1258996487,
"HUN","AVWAGE","TOT","USD","A","1995",15265.9980144175,
"HUN","AVWAGE","TOT","USD","A","1996",15271.6419990381,
"HUN","AVWAGE","TOT","USD","A","1997",15648.4919203163,
"HUN","AVWAGE","TOT","USD","A","1998",16006.6728945935,
"HUN","AVWAGE","TOT","USD","A","1999",16075.6864472293,
"HUN","AVWAGE","TOT","USD","A","2000",16817.1617156493,
"HUN","AVWAGE","TOT","USD","A","2001",18093.1382397021,
"HUN","AVWAGE","TOT","USD","A","2002",18998.3712327997,
"HUN","AVWAGE","TOT","USD","A","2003",20524.5360823234,
"HUN","AVWAGE","TOT","USD","A","2004",21955.6462297436,
"HUN","AVWAGE","TOT","USD","A","2005",22920.6206868935,
"HUN","AVWAGE","TOT","USD","A","2006",23365.3532879228,
"HUN","AVWAGE","TOT","USD","A","2007",23194.5372807162,
"HUN","AVWAGE","TOT","USD","A","2008",23520.1074476355,
"HUN","AVWAGE","TOT","USD","A","2009",22184.5700727926,
"HUN","AVWAGE","TOT","USD","A","2010",22367.0463695898,
"HUN","AVWAGE","TOT","USD","A","2011",22543.1083092277,
"HUN","AVWAGE","TOT","USD","A","2012",21663.5366657247,
"HUN","AVWAGE","TOT","USD","A","2013",21413.703567497,
"HUN","AVWAGE","TOT","USD","A","2014",21148.0065454961,
"HUN","AVWAGE","TOT","USD","A","2015",21449.7855744233,
"HUN","AVWAGE","TOT","USD","A","2016",21810.4118234306,
"HUN","AVWAGE","TOT","USD","A","2017",23527.36544819,
"HUN","AVWAGE","TOT","USD","A","2018",24702.9593428267,
"HUN","AVWAGE","TOT","USD","A","2019",26223.196713398,
"IRL","AVWAGE","TOT","USD","A","1990",25028.1333687149,
"IRL","AVWAGE","TOT","USD","A","1991",28355.3852070285,
"IRL","AVWAGE","TOT","USD","A","1992",29537.4002746105,
"IRL","AVWAGE","TOT","USD","A","1993",31001.0206756481,
"IRL","AVWAGE","TOT","USD","A","1994",31199.5968574418,
"IRL","AVWAGE","TOT","USD","A","1995",31753.1593500722,
"IRL","AVWAGE","TOT","USD","A","1996",32066.1125619772,
"IRL","AVWAGE","TOT","USD","A","1997",34049.0803762781,
"IRL","AVWAGE","TOT","USD","A","1998",36040.3744514085,
"IRL","AVWAGE","TOT","USD","A","1999",36820.8233582777,
"IRL","AVWAGE","TOT","USD","A","2000",37537.8118898442,
"IRL","AVWAGE","TOT","USD","A","2001",38790.9643647537,
"IRL","AVWAGE","TOT","USD","A","2002",38938.0418434568,
"IRL","AVWAGE","TOT","USD","A","2003",39944.8722809053,
"IRL","AVWAGE","TOT","USD","A","2004",41043.7639319516,
"IRL","AVWAGE","TOT","USD","A","2005",42759.8062953774,
"IRL","AVWAGE","TOT","USD","A","2006",43226.8014755151,
"IRL","AVWAGE","TOT","USD","A","2007",44470.8596848533,
"IRL","AVWAGE","TOT","USD","A","2008",45879.2312093741,
"IRL","AVWAGE","TOT","USD","A","2009",49206.2297058936,
"IRL","AVWAGE","TOT","USD","A","2010",49757.8811335084,
"IRL","AVWAGE","TOT","USD","A","2011",49745.9348388209,
"IRL","AVWAGE","TOT","USD","A","2012",49193.7810831497,
"IRL","AVWAGE","TOT","USD","A","2013",47971.8011334223,
"IRL","AVWAGE","TOT","USD","A","2014",47597.1991616087,
"IRL","AVWAGE","TOT","USD","A","2015",48407.7912489229,
"IRL","AVWAGE","TOT","USD","A","2016",49030.4211993847,
"IRL","AVWAGE","TOT","USD","A","2017",49585.1781804329,
"IRL","AVWAGE","TOT","USD","A","2018",49695.3977265861,
"IRL","AVWAGE","TOT","USD","A","2019",50490.4714068488,
"ITA","AVWAGE","TOT","USD","A","1990",37733.012423758,
"ITA","AVWAGE","TOT","USD","A","1991",38050.0120358772,
"ITA","AVWAGE","TOT","USD","A","1992",38013.1754331824,
"ITA","AVWAGE","TOT","USD","A","1993",37427.647050791,
"ITA","AVWAGE","TOT","USD","A","1994",36942.9793426861,
"ITA","AVWAGE","TOT","USD","A","1995",36134.1965142141,
"ITA","AVWAGE","TOT","USD","A","1996",36430.105689789,
"ITA","AVWAGE","TOT","USD","A","1997",37469.6832458284,
"ITA","AVWAGE","TOT","USD","A","1998",37590.9680984152,
"ITA","AVWAGE","TOT","USD","A","1999",38023.8348350951,
"ITA","AVWAGE","TOT","USD","A","2000",38008.8134234048,
"ITA","AVWAGE","TOT","USD","A","2001",38274.4600649219,
"ITA","AVWAGE","TOT","USD","A","2002",38003.2666839764,
"ITA","AVWAGE","TOT","USD","A","2003",37900.8153431232,
"ITA","AVWAGE","TOT","USD","A","2004",38631.8838308291,
"ITA","AVWAGE","TOT","USD","A","2005",39149.1810380411,
"ITA","AVWAGE","TOT","USD","A","2006",39393.638771256,
"ITA","AVWAGE","TOT","USD","A","2007",39377.2414499741,
"ITA","AVWAGE","TOT","USD","A","2008",39330.5749875137,
"ITA","AVWAGE","TOT","USD","A","2009",39629.5575931371,
"ITA","AVWAGE","TOT","USD","A","2010",39967.3921677894,
"ITA","AVWAGE","TOT","USD","A","2011",39327.9600123717,
"ITA","AVWAGE","TOT","USD","A","2012",38085.8690298025,
"ITA","AVWAGE","TOT","USD","A","2013",38205.3987564996,
"ITA","AVWAGE","TOT","USD","A","2014",38354.2047012243,
"ITA","AVWAGE","TOT","USD","A","2015",38691.1774266217,
"ITA","AVWAGE","TOT","USD","A","2016",38982.2479668534,
"ITA","AVWAGE","TOT","USD","A","2017",38706.9587133021,
"ITA","AVWAGE","TOT","USD","A","2018",38852.7252286662,
"ITA","AVWAGE","TOT","USD","A","2019",39189.365759204,
"JPN","AVWAGE","TOT","USD","A","1990",36412.4948011489,
"JPN","AVWAGE","TOT","USD","A","1991",36896.045028686,
"JPN","AVWAGE","TOT","USD","A","1992",37009.0056945301,
"JPN","AVWAGE","TOT","USD","A","1993",36658.0890069355,
"JPN","AVWAGE","TOT","USD","A","1994",37029.9667563623,
"JPN","AVWAGE","TOT","USD","A","1995",37470.2408269315,
"JPN","AVWAGE","TOT","USD","A","1996",37657.4859655317,
"JPN","AVWAGE","TOT","USD","A","1997",37992.5578615089,
"JPN","AVWAGE","TOT","USD","A","1998",37882.5669917254,
"JPN","AVWAGE","TOT","USD","A","1999",37836.5320865525,
"JPN","AVWAGE","TOT","USD","A","2000",38049.6957803882,
"JPN","AVWAGE","TOT","USD","A","2001",37573.2695202469,
"JPN","AVWAGE","TOT","USD","A","2002",36811.2331619207,
"JPN","AVWAGE","TOT","USD","A","2003",36845.2507861958,
"JPN","AVWAGE","TOT","USD","A","2004",37130.2128900952,
"JPN","AVWAGE","TOT","USD","A","2005",37772.7971427658,
"JPN","AVWAGE","TOT","USD","A","2006",37546.9631919657,
"JPN","AVWAGE","TOT","USD","A","2007",37490.1759161773,
"JPN","AVWAGE","TOT","USD","A","2008",37467.0250901235,
"JPN","AVWAGE","TOT","USD","A","2009",37111.8724871837,
"JPN","AVWAGE","TOT","USD","A","2010",37774.6782996887,
"JPN","AVWAGE","TOT","USD","A","2011",38627.3698697555,
"JPN","AVWAGE","TOT","USD","A","2012",37967.619331946,
"JPN","AVWAGE","TOT","USD","A","2013",37941.6636019075,
"JPN","AVWAGE","TOT","USD","A","2014",37265.1205254974,
"JPN","AVWAGE","TOT","USD","A","2015",37225.9318830999,
"JPN","AVWAGE","TOT","USD","A","2016",37896.3124120224,
"JPN","AVWAGE","TOT","USD","A","2017",38084.7105713247,
"JPN","AVWAGE","TOT","USD","A","2018",38193.1683525204,
"JPN","AVWAGE","TOT","USD","A","2019",38617.465494035,
"KOR","AVWAGE","TOT","USD","A","1990",22334.5771925078,
"KOR","AVWAGE","TOT","USD","A","1991",23268.0861180606,
"KOR","AVWAGE","TOT","USD","A","1992",24190.0445524679,
"KOR","AVWAGE","TOT","USD","A","1993",25529.141808176,
"KOR","AVWAGE","TOT","USD","A","1994",25976.0044287547,
"KOR","AVWAGE","TOT","USD","A","1995",28480.9907896599,
"KOR","AVWAGE","TOT","USD","A","1996",29795.5958773727,
"KOR","AVWAGE","TOT","USD","A","1997",29163.6439383594,
"KOR","AVWAGE","TOT","USD","A","1998",28784.4935919131,
"KOR","AVWAGE","TOT","USD","A","1999",28923.3042608612,
"KOR","AVWAGE","TOT","USD","A","2000",29335.3100407752,
"KOR","AVWAGE","TOT","USD","A","2001",29975.6386544464,
"KOR","AVWAGE","TOT","USD","A","2002",31023.7000045329,
"KOR","AVWAGE","TOT","USD","A","2003",32147.8494792852,
"KOR","AVWAGE","TOT","USD","A","2004",33105.3524751729,
"KOR","AVWAGE","TOT","USD","A","2005",34083.1608942888,
"KOR","AVWAGE","TOT","USD","A","2006",34451.0618062971,
"KOR","AVWAGE","TOT","USD","A","2007",35095.184681955,
"KOR","AVWAGE","TOT","USD","A","2008",34842.1721103695,
"KOR","AVWAGE","TOT","USD","A","2009",34959.4291111248,
"KOR","AVWAGE","TOT","USD","A","2010",35543.0741361843,
"KOR","AVWAGE","TOT","USD","A","2011",36012.4363590581,
"KOR","AVWAGE","TOT","USD","A","2012",35485.7935814787,
"KOR","AVWAGE","TOT","USD","A","2013",36394.8360176475,
"KOR","AVWAGE","TOT","USD","A","2014",36491.7182728232,
"KOR","AVWAGE","TOT","USD","A","2015",37512.8356486728,
"KOR","AVWAGE","TOT","USD","A","2016",38617.3547100823,
"KOR","AVWAGE","TOT","USD","A","2017",39551.5329620557,
"KOR","AVWAGE","TOT","USD","A","2018",40820.3483324801,
"KOR","AVWAGE","TOT","USD","A","2019",42284.789106855,
"LUX","AVWAGE","TOT","USD","A","1990",49163.13277975,
"LUX","AVWAGE","TOT","USD","A","1991",50558.4699957372,
"LUX","AVWAGE","TOT","USD","A","1992",51901.8071015697,
"LUX","AVWAGE","TOT","USD","A","1993",52902.1862418478,
"LUX","AVWAGE","TOT","USD","A","1994",53759.2502704632,
"LUX","AVWAGE","TOT","USD","A","1995",53716.1370450012,
"LUX","AVWAGE","TOT","USD","A","1996",54570.8783922924,
"LUX","AVWAGE","TOT","USD","A","1997",55370.7949932919,
"LUX","AVWAGE","TOT","USD","A","1998",55693.052543772,
"LUX","AVWAGE","TOT","USD","A","1999",56886.9110112727,
"LUX","AVWAGE","TOT","USD","A","2000",58863.0375443311,
"LUX","AVWAGE","TOT","USD","A","2001",59540.1897866568,
"LUX","AVWAGE","TOT","USD","A","2002",60780.9523552084,
"LUX","AVWAGE","TOT","USD","A","2003",60495.8741278385,
"LUX","AVWAGE","TOT","USD","A","2004",61323.9899525405,
"LUX","AVWAGE","TOT","USD","A","2005",61382.177737593,
"LUX","AVWAGE","TOT","USD","A","2006",62229.6830753346,
"LUX","AVWAGE","TOT","USD","A","2007",63860.6100628158,
"LUX","AVWAGE","TOT","USD","A","2008",63608.0723768669,
"LUX","AVWAGE","TOT","USD","A","2009",65381.1053989208,
"LUX","AVWAGE","TOT","USD","A","2010",65955.8194502088,
"LUX","AVWAGE","TOT","USD","A","2011",64983.6352570853,
"LUX","AVWAGE","TOT","USD","A","2012",64452.0906960751,
"LUX","AVWAGE","TOT","USD","A","2013",65078.999331255,
"LUX","AVWAGE","TOT","USD","A","2014",67517.7315925229,
"LUX","AVWAGE","TOT","USD","A","2015",68381.6107689229,
"LUX","AVWAGE","TOT","USD","A","2016",68503.7729296539,
"LUX","AVWAGE","TOT","USD","A","2017",69541.0306493769,
"LUX","AVWAGE","TOT","USD","A","2018",69556.2618549297,
"LUX","AVWAGE","TOT","USD","A","2019",68680.5297308777,
"MEX","AVWAGE","TOT","USD","A","1990",15020.9011601129,
"MEX","AVWAGE","TOT","USD","A","1991",15814.8898859605,
"MEX","AVWAGE","TOT","USD","A","1992",16675.4910414486,
"MEX","AVWAGE","TOT","USD","A","1993",17352.1662920599,
"MEX","AVWAGE","TOT","USD","A","1994",17792.5934970474,
"MEX","AVWAGE","TOT","USD","A","1995",14652.7999051028,
"MEX","AVWAGE","TOT","USD","A","1996",13804.9793649855,
"MEX","AVWAGE","TOT","USD","A","1997",14486.6858214238,
"MEX","AVWAGE","TOT","USD","A","1998",15286.7495172756,
"MEX","AVWAGE","TOT","USD","A","1999",15910.2998355723,
"MEX","AVWAGE","TOT","USD","A","2000",16741.7671262061,
"MEX","AVWAGE","TOT","USD","A","2001",17714.2153655935,
"MEX","AVWAGE","TOT","USD","A","2002",17643.0016258221,
"MEX","AVWAGE","TOT","USD","A","2003",17953.874201504,
"MEX","AVWAGE","TOT","USD","A","2004",18043.1346405022,
"MEX","AVWAGE","TOT","USD","A","2005",18169.2598014387,
"MEX","AVWAGE","TOT","USD","A","2006",18140.7079861477,
"MEX","AVWAGE","TOT","USD","A","2007",18209.4991719188,
"MEX","AVWAGE","TOT","USD","A","2008",18051.6985990978,
"MEX","AVWAGE","TOT","USD","A","2009",18199.0726941975,
"MEX","AVWAGE","TOT","USD","A","2010",17049.9549964841,
"MEX","AVWAGE","TOT","USD","A","2011",17203.1759154768,
"MEX","AVWAGE","TOT","USD","A","2012",16894.9773318502,
"MEX","AVWAGE","TOT","USD","A","2013",16908.739239218,
"MEX","AVWAGE","TOT","USD","A","2014",16887.9187919756,
"MEX","AVWAGE","TOT","USD","A","2015",17101.8179267563,
"MEX","AVWAGE","TOT","USD","A","2016",16981.335839877,
"MEX","AVWAGE","TOT","USD","A","2017",16984.1152783983,
"MEX","AVWAGE","TOT","USD","A","2018",17180.8031936188,
"MEX","AVWAGE","TOT","USD","A","2019",17594.4610524478,
"NLD","AVWAGE","TOT","USD","A","1990",50053.0820237838,
"NLD","AVWAGE","TOT","USD","A","1991",50429.6589450834,
"NLD","AVWAGE","TOT","USD","A","1992",50688.8256217874,
"NLD","AVWAGE","TOT","USD","A","1993",51556.1584939845,
"NLD","AVWAGE","TOT","USD","A","1994",51925.8065880545,
"NLD","AVWAGE","TOT","USD","A","1995",50909.3241130397,
"NLD","AVWAGE","TOT","USD","A","1996",50735.4788259343,
"NLD","AVWAGE","TOT","USD","A","1997",50902.8958215209,
"NLD","AVWAGE","TOT","USD","A","1998",49280.1777305936,
"NLD","AVWAGE","TOT","USD","A","1999",50199.4775366237,
"NLD","AVWAGE","TOT","USD","A","2000",51451.0055647276,
"NLD","AVWAGE","TOT","USD","A","2001",52213.4617438304,
"NLD","AVWAGE","TOT","USD","A","2002",52390.2618112876,
"NLD","AVWAGE","TOT","USD","A","2003",52761.4957352094,
"NLD","AVWAGE","TOT","USD","A","2004",53605.5193098426,
"NLD","AVWAGE","TOT","USD","A","2005",53606.5641791015,
"NLD","AVWAGE","TOT","USD","A","2006",53500.509807778,
"NLD","AVWAGE","TOT","USD","A","2007",54264.9704839237,
"NLD","AVWAGE","TOT","USD","A","2008",54593.1653510358,
"NLD","AVWAGE","TOT","USD","A","2009",56926.019520672,
"NLD","AVWAGE","TOT","USD","A","2010",56940.0876333432,
"NLD","AVWAGE","TOT","USD","A","2011",56587.55978454,
"NLD","AVWAGE","TOT","USD","A","2012",56820.3788376493,
"NLD","AVWAGE","TOT","USD","A","2013",57019.5648627352,
"NLD","AVWAGE","TOT","USD","A","2014",56711.8618608112,
"NLD","AVWAGE","TOT","USD","A","2015",57378.2145203588,
"NLD","AVWAGE","TOT","USD","A","2016",57573.2016569277,
"NLD","AVWAGE","TOT","USD","A","2017",57138.2832489693,
"NLD","AVWAGE","TOT","USD","A","2018",56708.9258663347,
"NLD","AVWAGE","TOT","USD","A","2019",56552.2904256499,
"NOR","AVWAGE","TOT","USD","A","1990",31089.0694515089,
"NOR","AVWAGE","TOT","USD","A","1991",31433.2481033827,
"NOR","AVWAGE","TOT","USD","A","1992",31834.9660857879,
"NOR","AVWAGE","TOT","USD","A","1993",32138.6810707138,
"NOR","AVWAGE","TOT","USD","A","1994",32793.8035079575,
"NOR","AVWAGE","TOT","USD","A","1995",33100.0909172349,
"NOR","AVWAGE","TOT","USD","A","1996",34100.9745949728,
"NOR","AVWAGE","TOT","USD","A","1997",34845.2250557718,
"NOR","AVWAGE","TOT","USD","A","1998",36118.7081281687,
"NOR","AVWAGE","TOT","USD","A","1999",37292.6838155808,
"NOR","AVWAGE","TOT","USD","A","2000",37616.3881228776,
"NOR","AVWAGE","TOT","USD","A","2001",38542.3700815627,
"NOR","AVWAGE","TOT","USD","A","2002",40140.2641581326,
"NOR","AVWAGE","TOT","USD","A","2003",40678.9345879538,
"NOR","AVWAGE","TOT","USD","A","2004",42033.3426213905,
"NOR","AVWAGE","TOT","USD","A","2005",43262.6909170164,
"NOR","AVWAGE","TOT","USD","A","2006",45036.4096234479,
"NOR","AVWAGE","TOT","USD","A","2007",47061.4030341382,
"NOR","AVWAGE","TOT","USD","A","2008",48107.6169787466,
"NOR","AVWAGE","TOT","USD","A","2009",48613.699885736,
"NOR","AVWAGE","TOT","USD","A","2010",49247.696844976,
"NOR","AVWAGE","TOT","USD","A","2011",50962.2570393171,
"NOR","AVWAGE","TOT","USD","A","2012",52364.8334117436,
"NOR","AVWAGE","TOT","USD","A","2013",53396.4349663685,
"NOR","AVWAGE","TOT","USD","A","2014",53662.6050613325,
"NOR","AVWAGE","TOT","USD","A","2015",53943.7839740965,
"NOR","AVWAGE","TOT","USD","A","2016",52943.4499775308,
"NOR","AVWAGE","TOT","USD","A","2017",53034.3256577256,
"NOR","AVWAGE","TOT","USD","A","2018",53484.642211924,
"NOR","AVWAGE","TOT","USD","A","2019",54027.4870519513,
"POL","AVWAGE","TOT","USD","A","1995",16489.9999060869,
"POL","AVWAGE","TOT","USD","A","1996",17794.8805283306,
"POL","AVWAGE","TOT","USD","A","1997",18704.8856756218,
"POL","AVWAGE","TOT","USD","A","1998",19262.7184307357,
"POL","AVWAGE","TOT","USD","A","1999",20781.5463147978,
"POL","AVWAGE","TOT","USD","A","2000",20903.4533410078,
"POL","AVWAGE","TOT","USD","A","2001",22141.8306122206,
"POL","AVWAGE","TOT","USD","A","2002",22075.5109596783,
"POL","AVWAGE","TOT","USD","A","2003",22346.5236775834,
"POL","AVWAGE","TOT","USD","A","2004",21908.0003105284,
"POL","AVWAGE","TOT","USD","A","2005",21848.0680867223,
"POL","AVWAGE","TOT","USD","A","2006",21993.6800589504,
"POL","AVWAGE","TOT","USD","A","2007",22693.9947375297,
"POL","AVWAGE","TOT","USD","A","2008",23904.2855769305,
"POL","AVWAGE","TOT","USD","A","2009",23856.5176018365,
"POL","AVWAGE","TOT","USD","A","2010",24534.2470451003,
"POL","AVWAGE","TOT","USD","A","2011",24536.1987632641,
"POL","AVWAGE","TOT","USD","A","2012",24319.7144327773,
"POL","AVWAGE","TOT","USD","A","2013",24597.1439290306,
"POL","AVWAGE","TOT","USD","A","2014",25098.0351312932,
"POL","AVWAGE","TOT","USD","A","2015",25648.0845291951,
"POL","AVWAGE","TOT","USD","A","2016",26934.0727282882,
"POL","AVWAGE","TOT","USD","A","2017",28070.8076887326,
"POL","AVWAGE","TOT","USD","A","2018",30090.8830808475,
"POL","AVWAGE","TOT","USD","A","2019",31969.5680309974,
"PRT","AVWAGE","TOT","USD","A","1995",24360.2653244462,
"PRT","AVWAGE","TOT","USD","A","1996",25260.7836798956,
"PRT","AVWAGE","TOT","USD","A","1997",25921.6244411566,
"PRT","AVWAGE","TOT","USD","A","1998",26249.9159762316,
"PRT","AVWAGE","TOT","USD","A","1999",27143.4204765035,
"PRT","AVWAGE","TOT","USD","A","2000",27514.6324277597,
"PRT","AVWAGE","TOT","USD","A","2001",27626.2353149078,
"PRT","AVWAGE","TOT","USD","A","2002",27612.5954773433,
"PRT","AVWAGE","TOT","USD","A","2003",27549.6960566585,
"PRT","AVWAGE","TOT","USD","A","2004",27594.5639744771,
"PRT","AVWAGE","TOT","USD","A","2005",27436.1620616273,
"PRT","AVWAGE","TOT","USD","A","2006",26839.9365977297,
"PRT","AVWAGE","TOT","USD","A","2007",27018.5551461073,
"PRT","AVWAGE","TOT","USD","A","2008",26931.849490267,
"PRT","AVWAGE","TOT","USD","A","2009",28181.6541301172,
"PRT","AVWAGE","TOT","USD","A","2010",28063.5591327472,
"PRT","AVWAGE","TOT","USD","A","2011",27385.3208414216,
"PRT","AVWAGE","TOT","USD","A","2012",26209.3938366298,
"PRT","AVWAGE","TOT","USD","A","2013",26712.4928383287,
"PRT","AVWAGE","TOT","USD","A","2014",26253.4676818167,
"PRT","AVWAGE","TOT","USD","A","2015",26175.5284599362,
"PRT","AVWAGE","TOT","USD","A","2016",26023.7085531609,
"PRT","AVWAGE","TOT","USD","A","2017",26141.2836351383,
"PRT","AVWAGE","TOT","USD","A","2018",26413.0957712014,
"PRT","AVWAGE","TOT","USD","A","2019",26633.7171927498,
"SVK","AVWAGE","TOT","USD","A","1994",11003.9923735299,
"SVK","AVWAGE","TOT","USD","A","1995",11850.1707151208,
"SVK","AVWAGE","TOT","USD","A","1996",12826.1738163165,
"SVK","AVWAGE","TOT","USD","A","1997",14552.5331860979,
"SVK","AVWAGE","TOT","USD","A","1998",15130.2985615118,
"SVK","AVWAGE","TOT","USD","A","1999",14817.1718822357,
"SVK","AVWAGE","TOT","USD","A","2000",15378.2933338776,
"SVK","AVWAGE","TOT","USD","A","2001",15377.6827042321,
"SVK","AVWAGE","TOT","USD","A","2002",16171.4685139197,
"SVK","AVWAGE","TOT","USD","A","2003",16483.9380677962,
"SVK","AVWAGE","TOT","USD","A","2004",16738.2149396479,
"SVK","AVWAGE","TOT","USD","A","2005",17753.9931928603,
"SVK","AVWAGE","TOT","USD","A","2006",18356.9117843589,
"SVK","AVWAGE","TOT","USD","A","2007",19491.8094713843,
"SVK","AVWAGE","TOT","USD","A","2008",19701.1053866274,
"SVK","AVWAGE","TOT","USD","A","2009",20365.2925843072,
"SVK","AVWAGE","TOT","USD","A","2010",21255.9925984111,
"SVK","AVWAGE","TOT","USD","A","2011",21071.3280871582,
"SVK","AVWAGE","TOT","USD","A","2012",20813.211069534,
"SVK","AVWAGE","TOT","USD","A","2013",20965.8320639797,
"SVK","AVWAGE","TOT","USD","A","2014",21376.7283710404,
"SVK","AVWAGE","TOT","USD","A","2015",22230.1378627666,
"SVK","AVWAGE","TOT","USD","A","2016",22947.4239465751,
"SVK","AVWAGE","TOT","USD","A","2017",23610.4263692303,
"SVK","AVWAGE","TOT","USD","A","2018",24254.0160726205,
"SVK","AVWAGE","TOT","USD","A","2019",25452.386629151,
"ESP","AVWAGE","TOT","USD","A","1990",35882.7996675913,
"ESP","AVWAGE","TOT","USD","A","1991",36769.5511016192,
"ESP","AVWAGE","TOT","USD","A","1992",37806.2150666235,
"ESP","AVWAGE","TOT","USD","A","1993",38103.5639715883,
"ESP","AVWAGE","TOT","USD","A","1994",38203.2758287414,
"ESP","AVWAGE","TOT","USD","A","1995",38038.9067977605,
"ESP","AVWAGE","TOT","USD","A","1996",38553.7378278883,
"ESP","AVWAGE","TOT","USD","A","1997",38593.7736663937,
"ESP","AVWAGE","TOT","USD","A","1998",38800.027952388,
"ESP","AVWAGE","TOT","USD","A","1999",38780.9279530727,
"ESP","AVWAGE","TOT","USD","A","2000",37933.3173507199,
"ESP","AVWAGE","TOT","USD","A","2001",37735.2520934237,
"ESP","AVWAGE","TOT","USD","A","2002",37923.8939429874,
"ESP","AVWAGE","TOT","USD","A","2003",37732.9788422886,
"ESP","AVWAGE","TOT","USD","A","2004",37251.9403100493,
"ESP","AVWAGE","TOT","USD","A","2005",37414.7049851284,
"ESP","AVWAGE","TOT","USD","A","2006",37238.0106371465,
"ESP","AVWAGE","TOT","USD","A","2007",37640.6405648786,
"ESP","AVWAGE","TOT","USD","A","2008",38971.0649466601,
"ESP","AVWAGE","TOT","USD","A","2009",41428.491005584,
"ESP","AVWAGE","TOT","USD","A","2010",41035.8965081437,
"ESP","AVWAGE","TOT","USD","A","2011",40301.526023393,
"ESP","AVWAGE","TOT","USD","A","2012",39176.0936523984,
"ESP","AVWAGE","TOT","USD","A","2013",39177.8998239175,
"ESP","AVWAGE","TOT","USD","A","2014",39055.8295758572,
"ESP","AVWAGE","TOT","USD","A","2015",39637.5112818003,
"ESP","AVWAGE","TOT","USD","A","2016",39413.1481823527,
"ESP","AVWAGE","TOT","USD","A","2017",38897.9076374211,
"ESP","AVWAGE","TOT","USD","A","2018",38554.4174585149,
"ESP","AVWAGE","TOT","USD","A","2019",38757.5699607805,
"SWE","AVWAGE","TOT","USD","A","1990",28916.2656203145,
"SWE","AVWAGE","TOT","USD","A","1991",27539.4169350891,
"SWE","AVWAGE","TOT","USD","A","1992",28402.3770809704,
"SWE","AVWAGE","TOT","USD","A","1993",28030.2334654529,
"SWE","AVWAGE","TOT","USD","A","1994",28719.0969261775,
"SWE","AVWAGE","TOT","USD","A","1995",28780.4244935875,
"SWE","AVWAGE","TOT","USD","A","1996",30497.8921517732,
"SWE","AVWAGE","TOT","USD","A","1997",31709.8795925292,
"SWE","AVWAGE","TOT","USD","A","1998",32744.3670290277,
"SWE","AVWAGE","TOT","USD","A","1999",33429.2011671798,
"SWE","AVWAGE","TOT","USD","A","2000",34485.6543079843,
"SWE","AVWAGE","TOT","USD","A","2001",34883.8558928561,
"SWE","AVWAGE","TOT","USD","A","2002",35338.8840387654,
"SWE","AVWAGE","TOT","USD","A","2003",35640.4241981166,
"SWE","AVWAGE","TOT","USD","A","2004",36826.1236964901,
"SWE","AVWAGE","TOT","USD","A","2005",37733.0077193543,
"SWE","AVWAGE","TOT","USD","A","2006",38785.1557456307,
"SWE","AVWAGE","TOT","USD","A","2007",40126.1591912261,
"SWE","AVWAGE","TOT","USD","A","2008",40904.5604965576,
"SWE","AVWAGE","TOT","USD","A","2009",41052.9767660575,
"SWE","AVWAGE","TOT","USD","A","2010",41549.5435575264,
"SWE","AVWAGE","TOT","USD","A","2011",42180.4300529146,
"SWE","AVWAGE","TOT","USD","A","2012",43133.1536510539,
"SWE","AVWAGE","TOT","USD","A","2013",43647.0637576447,
"SWE","AVWAGE","TOT","USD","A","2014",44239.5525976122,
"SWE","AVWAGE","TOT","USD","A","2015",44849.4209013654,
"SWE","AVWAGE","TOT","USD","A","2016",45552.0813260521,
"SWE","AVWAGE","TOT","USD","A","2017",45818.0504369707,
"SWE","AVWAGE","TOT","USD","A","2018",46061.6924234001,
"SWE","AVWAGE","TOT","USD","A","2019",46695.3498606658,
"CHE","AVWAGE","TOT","USD","A","1990",52519.2045512186,
"CHE","AVWAGE","TOT","USD","A","1991",53449.1388744613,
"CHE","AVWAGE","TOT","USD","A","1992",53929.7125202629,
"CHE","AVWAGE","TOT","USD","A","1993",54478.1118610701,
"CHE","AVWAGE","TOT","USD","A","1994",55165.9243248026,
"CHE","AVWAGE","TOT","USD","A","1995",55323.0007373381,
"CHE","AVWAGE","TOT","USD","A","1996",55806.4686367486,
"CHE","AVWAGE","TOT","USD","A","1997",56586.546527754,
"CHE","AVWAGE","TOT","USD","A","1998",56640.8127779119,
"CHE","AVWAGE","TOT","USD","A","1999",57506.5101200953,
"CHE","AVWAGE","TOT","USD","A","2000",57849.9318146135,
"CHE","AVWAGE","TOT","USD","A","2001",60006.6520022005,
"CHE","AVWAGE","TOT","USD","A","2002",60939.2578081934,
"CHE","AVWAGE","TOT","USD","A","2003",60787.3863718238,
"CHE","AVWAGE","TOT","USD","A","2004",60259.6176325592,
"CHE","AVWAGE","TOT","USD","A","2005",61175.3899622314,
"CHE","AVWAGE","TOT","USD","A","2006",61556.4044765618,
"CHE","AVWAGE","TOT","USD","A","2007",62458.699303476,
"CHE","AVWAGE","TOT","USD","A","2008",62796.1569791666,
"CHE","AVWAGE","TOT","USD","A","2009",64065.8641057717,
"CHE","AVWAGE","TOT","USD","A","2010",64218.5155917501,
"CHE","AVWAGE","TOT","USD","A","2011",64327.0207636355,
"CHE","AVWAGE","TOT","USD","A","2012",65465.0134244545,
"CHE","AVWAGE","TOT","USD","A","2013",66477.2700411669,
"CHE","AVWAGE","TOT","USD","A","2014",66583.0145512236,
"CHE","AVWAGE","TOT","USD","A","2015",66517.4618779635,
"CHE","AVWAGE","TOT","USD","A","2016",66349.8036245662,
"CHE","AVWAGE","TOT","USD","A","2017",66131.8242771716,
"CHE","AVWAGE","TOT","USD","A","2018",66120.9428129132,
"CHE","AVWAGE","TOT","USD","A","2019",66566.7263187086,
"GBR","AVWAGE","TOT","USD","A","1990",31858.6339993357,
"GBR","AVWAGE","TOT","USD","A","1991",31839.1884361333,
"GBR","AVWAGE","TOT","USD","A","1992",32473.5412967717,
"GBR","AVWAGE","TOT","USD","A","1993",33014.7066357058,
"GBR","AVWAGE","TOT","USD","A","1994",33605.1234610152,
"GBR","AVWAGE","TOT","USD","A","1995",33631.2491849215,
"GBR","AVWAGE","TOT","USD","A","1996",33616.321909308,
"GBR","AVWAGE","TOT","USD","A","1997",34986.0393130665,
"GBR","AVWAGE","TOT","USD","A","1998",35612.7636690122,
"GBR","AVWAGE","TOT","USD","A","1999",37501.1122805682,
"GBR","AVWAGE","TOT","USD","A","2000",39232.5813360594,
"GBR","AVWAGE","TOT","USD","A","2001",40854.4976780217,
"GBR","AVWAGE","TOT","USD","A","2002",41570.3693387608,
"GBR","AVWAGE","TOT","USD","A","2003",42804.6722791494,
"GBR","AVWAGE","TOT","USD","A","2004",44099.7972313057,
"GBR","AVWAGE","TOT","USD","A","2005",44296.6047041192,
"GBR","AVWAGE","TOT","USD","A","2006",45438.8747914604,
"GBR","AVWAGE","TOT","USD","A","2007",46728.222975816,
"GBR","AVWAGE","TOT","USD","A","2008",45608.2144436399,
"GBR","AVWAGE","TOT","USD","A","2009",45694.6348810857,
"GBR","AVWAGE","TOT","USD","A","2010",45790.0059188549,
"GBR","AVWAGE","TOT","USD","A","2011",45045.484124637,
"GBR","AVWAGE","TOT","USD","A","2012",44427.807784159,
"GBR","AVWAGE","TOT","USD","A","2013",44997.748735228,
"GBR","AVWAGE","TOT","USD","A","2014",45146.2869069688,
"GBR","AVWAGE","TOT","USD","A","2015",45531.6049981012,
"GBR","AVWAGE","TOT","USD","A","2016",46087.9558562091,
"GBR","AVWAGE","TOT","USD","A","2017",46492.6766593222,
"GBR","AVWAGE","TOT","USD","A","2018",46655.52243433,
"GBR","AVWAGE","TOT","USD","A","2019",47226.0876596286,
"USA","AVWAGE","TOT","USD","A","1990",46362.056950867,
"USA","AVWAGE","TOT","USD","A","1991",46676.7276331828,
"USA","AVWAGE","TOT","USD","A","1992",47758.461019909,
"USA","AVWAGE","TOT","USD","A","1993",47484.2166892136,
"USA","AVWAGE","TOT","USD","A","1994",47301.6218407566,
"USA","AVWAGE","TOT","USD","A","1995",47576.9701472227,
"USA","AVWAGE","TOT","USD","A","1996",48266.2757354512,
"USA","AVWAGE","TOT","USD","A","1997",49464.6672041239,
"USA","AVWAGE","TOT","USD","A","1998",51500.4179670013,
"USA","AVWAGE","TOT","USD","A","1999",52848.8904449236,
"USA","AVWAGE","TOT","USD","A","2000",54641.5093024726,
"USA","AVWAGE","TOT","USD","A","2001",55103.6498001512,
"USA","AVWAGE","TOT","USD","A","2002",55537.4969649171,
"USA","AVWAGE","TOT","USD","A","2003",56218.6600380477,
"USA","AVWAGE","TOT","USD","A","2004",57262.6606827344,
"USA","AVWAGE","TOT","USD","A","2005",57330.6597042675,
"USA","AVWAGE","TOT","USD","A","2006",58240.25669456,
"USA","AVWAGE","TOT","USD","A","2007",59399.2123992877,
"USA","AVWAGE","TOT","USD","A","2008",59200.1003753053,
"USA","AVWAGE","TOT","USD","A","2009",59678.294535583,
"USA","AVWAGE","TOT","USD","A","2010",60247.5254500089,
"USA","AVWAGE","TOT","USD","A","2011",60330.2125061234,
"USA","AVWAGE","TOT","USD","A","2012",60826.2735968177,
"USA","AVWAGE","TOT","USD","A","2013",60542.4629145341,
"USA","AVWAGE","TOT","USD","A","2014",61446.7728634086,
"USA","AVWAGE","TOT","USD","A","2015",62982.153611999,
"USA","AVWAGE","TOT","USD","A","2016",63079.2582124208,
"USA","AVWAGE","TOT","USD","A","2017",63734.3421531558,
"USA","AVWAGE","TOT","USD","A","2018",64396.6968362276,
"USA","AVWAGE","TOT","USD","A","2019",65835.5776448653,
"EST","AVWAGE","TOT","USD","A","1995",9104.16815152084,
"EST","AVWAGE","TOT","USD","A","1996",9689.13138063415,
"EST","AVWAGE","TOT","USD","A","1997",10584.8076595527,
"EST","AVWAGE","TOT","USD","A","1998",11283.1014691434,
"EST","AVWAGE","TOT","USD","A","1999",11790.9668592375,
"EST","AVWAGE","TOT","USD","A","2000",12734.6650296666,
"EST","AVWAGE","TOT","USD","A","2001",13185.7541212108,
"EST","AVWAGE","TOT","USD","A","2002",13971.4915709366,
"EST","AVWAGE","TOT","USD","A","2003",15331.1731612508,
"EST","AVWAGE","TOT","USD","A","2004",16548.8775966775,
"EST","AVWAGE","TOT","USD","A","2005",17655.818177084,
"EST","AVWAGE","TOT","USD","A","2006",19250.9666169619,
"EST","AVWAGE","TOT","USD","A","2007",22392.2041539411,
"EST","AVWAGE","TOT","USD","A","2008",22706.2479072499,
"EST","AVWAGE","TOT","USD","A","2009",22189.8008378313,
"EST","AVWAGE","TOT","USD","A","2010",21970.7274913442,
"EST","AVWAGE","TOT","USD","A","2011",21478.525963209,
"EST","AVWAGE","TOT","USD","A","2012",21798.0368007738,
"EST","AVWAGE","TOT","USD","A","2013",22333.3966513206,
"EST","AVWAGE","TOT","USD","A","2014",23547.8715768294,
"EST","AVWAGE","TOT","USD","A","2015",24628.6910087771,
"EST","AVWAGE","TOT","USD","A","2016",25841.2867756966,
"EST","AVWAGE","TOT","USD","A","2017",26554.9612784706,
"EST","AVWAGE","TOT","USD","A","2018",28499.2544101746,
"EST","AVWAGE","TOT","USD","A","2019",30296.8772624036,
"ISR","AVWAGE","TOT","USD","A","1995",29159.7626604908,
"ISR","AVWAGE","TOT","USD","A","1996",31677.2574186053,
"ISR","AVWAGE","TOT","USD","A","1997",32596.6303703126,
"ISR","AVWAGE","TOT","USD","A","1998",33901.4193352884,
"ISR","AVWAGE","TOT","USD","A","1999",34458.6335735293,
"ISR","AVWAGE","TOT","USD","A","2000",35747.1954289872,
"ISR","AVWAGE","TOT","USD","A","2001",36356.3457168165,
"ISR","AVWAGE","TOT","USD","A","2002",34975.8197776967,
"ISR","AVWAGE","TOT","USD","A","2003",33778.5193825497,
"ISR","AVWAGE","TOT","USD","A","2004",33236.5121509828,
"ISR","AVWAGE","TOT","USD","A","2005",33285.333760842,
"ISR","AVWAGE","TOT","USD","A","2006",34233.8376724057,
"ISR","AVWAGE","TOT","USD","A","2007",34876.2871871384,
"ISR","AVWAGE","TOT","USD","A","2008",33999.1631025348,
"ISR","AVWAGE","TOT","USD","A","2009",33233.8194313564,
"ISR","AVWAGE","TOT","USD","A","2010",32976.6455020958,
"ISR","AVWAGE","TOT","USD","A","2011",33272.1579035473,
"ISR","AVWAGE","TOT","USD","A","2012",33812.4878395085,
"ISR","AVWAGE","TOT","USD","A","2013",34411.0082538662,
"ISR","AVWAGE","TOT","USD","A","2014",34487.2316627984,
"ISR","AVWAGE","TOT","USD","A","2015",35439.4554866688,
"ISR","AVWAGE","TOT","USD","A","2016",36729.2956163152,
"ISR","AVWAGE","TOT","USD","A","2017",37745.3209990185,
"ISR","AVWAGE","TOT","USD","A","2018",38602.9650676462,
"ISR","AVWAGE","TOT","USD","A","2019",39403.1025725974,
"SVN","AVWAGE","TOT","USD","A","1995",24305.1396754094,
"SVN","AVWAGE","TOT","USD","A","1996",25511.238824688,
"SVN","AVWAGE","TOT","USD","A","1997",26876.4043079562,
"SVN","AVWAGE","TOT","USD","A","1998",27214.944761467,
"SVN","AVWAGE","TOT","USD","A","1999",27728.0522515998,
"SVN","AVWAGE","TOT","USD","A","2000",28428.5729273865,
"SVN","AVWAGE","TOT","USD","A","2001",29585.6563129184,
"SVN","AVWAGE","TOT","USD","A","2002",29671.1132774599,
"SVN","AVWAGE","TOT","USD","A","2003",30293.4698639507,
"SVN","AVWAGE","TOT","USD","A","2004",31784.3237735127,
"SVN","AVWAGE","TOT","USD","A","2005",32992.1616426909,
"SVN","AVWAGE","TOT","USD","A","2006",34069.2771792469,
"SVN","AVWAGE","TOT","USD","A","2007",34819.4971154699,
"SVN","AVWAGE","TOT","USD","A","2008",35344.9919864701,
"SVN","AVWAGE","TOT","USD","A","2009",35669.2710354902,
"SVN","AVWAGE","TOT","USD","A","2010",36711.9054216379,
"SVN","AVWAGE","TOT","USD","A","2011",36589.2788505271,
"SVN","AVWAGE","TOT","USD","A","2012",35464.7959551583,
"SVN","AVWAGE","TOT","USD","A","2013",34933.3895783457,
"SVN","AVWAGE","TOT","USD","A","2014",35616.2399830904,
"SVN","AVWAGE","TOT","USD","A","2015",36371.8251371294,
"SVN","AVWAGE","TOT","USD","A","2016",37871.057978747,
"SVN","AVWAGE","TOT","USD","A","2017",38503.340678434,
"SVN","AVWAGE","TOT","USD","A","2018",39077.8622836493,
"SVN","AVWAGE","TOT","USD","A","2019",40219.6209682093,
"OECD","AVWAGE","TOT","USD","A","1990",37943.6062616072,
"OECD","AVWAGE","TOT","USD","A","1991",38404.7677768056,
"OECD","AVWAGE","TOT","USD","A","1992",39226.0353045748,
"OECD","AVWAGE","TOT","USD","A","1993",39289.490430475,
"OECD","AVWAGE","TOT","USD","A","1994",38367.2718396973,
"OECD","AVWAGE","TOT","USD","A","1995",37825.3094188144,
"OECD","AVWAGE","TOT","USD","A","1996",38334.9110246158,
"OECD","AVWAGE","TOT","USD","A","1997",39041.4087463354,
"OECD","AVWAGE","TOT","USD","A","1998",39953.9653698681,
"OECD","AVWAGE","TOT","USD","A","1999",40897.1652131786,
"OECD","AVWAGE","TOT","USD","A","2000",41766.0888106591,
"OECD","AVWAGE","TOT","USD","A","2001",42190.2933426557,
"OECD","AVWAGE","TOT","USD","A","2002",42363.0359969129,
"OECD","AVWAGE","TOT","USD","A","2003",42771.1107621632,
"OECD","AVWAGE","TOT","USD","A","2004",43353.256080815,
"OECD","AVWAGE","TOT","USD","A","2005",43672.0491398177,
"OECD","AVWAGE","TOT","USD","A","2006",44085.3299682042,
"OECD","AVWAGE","TOT","USD","A","2007",44674.4458327812,
"OECD","AVWAGE","TOT","USD","A","2008",44595.5370100472,
"OECD","AVWAGE","TOT","USD","A","2009",44868.5372909365,
"OECD","AVWAGE","TOT","USD","A","2010",45085.1212261328,
"OECD","AVWAGE","TOT","USD","A","2011",45291.3111942305,
"OECD","AVWAGE","TOT","USD","A","2012",45291.8853358923,
"OECD","AVWAGE","TOT","USD","A","2013",45421.2444751971,
"OECD","AVWAGE","TOT","USD","A","2014",45792.2553753694,
"OECD","AVWAGE","TOT","USD","A","2015",46562.4794953046,
"OECD","AVWAGE","TOT","USD","A","2016",46897.4216458818,
"OECD","AVWAGE","TOT","USD","A","2017",47276.8062298971,
"OECD","AVWAGE","TOT","USD","A","2018",47747.7766679966,
"OECD","AVWAGE","TOT","USD","A","2019",48586.9365192818,
"ISL","AVWAGE","TOT","USD","A","1990",38570.9852473939,
"ISL","AVWAGE","TOT","USD","A","1991",41699.454547683,
"ISL","AVWAGE","TOT","USD","A","1992",40269.5691878199,
"ISL","AVWAGE","TOT","USD","A","1993",38159.2133384442,
"ISL","AVWAGE","TOT","USD","A","1994",38921.0286007846,
"ISL","AVWAGE","TOT","USD","A","1995",39839.3640501747,
"ISL","AVWAGE","TOT","USD","A","1996",41121.2263719757,
"ISL","AVWAGE","TOT","USD","A","1997",42867.0690029975,
"ISL","AVWAGE","TOT","USD","A","1998",47304.616456413,
"ISL","AVWAGE","TOT","USD","A","1999",49520.7559613929,
"ISL","AVWAGE","TOT","USD","A","2000",51028.8375831844,
"ISL","AVWAGE","TOT","USD","A","2001",50741.6793967436,
"ISL","AVWAGE","TOT","USD","A","2002",51815.780624353,
"ISL","AVWAGE","TOT","USD","A","2003",50855.594216082,
"ISL","AVWAGE","TOT","USD","A","2004",54274.8570611104,
"ISL","AVWAGE","TOT","USD","A","2005",58525.1042945828,
"ISL","AVWAGE","TOT","USD","A","2006",61117.8907607275,
"ISL","AVWAGE","TOT","USD","A","2007",62728.4700256263,
"ISL","AVWAGE","TOT","USD","A","2008",55549.9991943857,
"ISL","AVWAGE","TOT","USD","A","2009",46982.5338230855,
"ISL","AVWAGE","TOT","USD","A","2010",48372.1679363177,
"ISL","AVWAGE","TOT","USD","A","2011",50703.8648897451,
"ISL","AVWAGE","TOT","USD","A","2012",50564.6503544835,
"ISL","AVWAGE","TOT","USD","A","2013",51276.1289425645,
"ISL","AVWAGE","TOT","USD","A","2014",52034.8301114787,
"ISL","AVWAGE","TOT","USD","A","2015",56081.3317048196,
"ISL","AVWAGE","TOT","USD","A","2016",61206.5541847669,
"ISL","AVWAGE","TOT","USD","A","2017",67709.6897687799,
"ISL","AVWAGE","TOT","USD","A","2018",70002.5295265047,
"ISL","AVWAGE","TOT","USD","A","2019",68005.7936836116,
"NZL","AVWAGE","TOT","USD","A","1990",30947.5086338477,
"NZL","AVWAGE","TOT","USD","A","1991",29703.5558907198,
"NZL","AVWAGE","TOT","USD","A","1992",30997.5116570556,
"NZL","AVWAGE","TOT","USD","A","1993",31829.535027272,
"NZL","AVWAGE","TOT","USD","A","1994",32423.0294257118,
"NZL","AVWAGE","TOT","USD","A","1995",32248.8290920404,
"NZL","AVWAGE","TOT","USD","A","1996",32803.5264956628,
"NZL","AVWAGE","TOT","USD","A","1997",33693.9565208407,
"NZL","AVWAGE","TOT","USD","A","1998",33182.5365750598,
"NZL","AVWAGE","TOT","USD","A","1999",32717.3113564578,
"NZL","AVWAGE","TOT","USD","A","2000",32873.2185653604,
"NZL","AVWAGE","TOT","USD","A","2001",33478.3673208211,
"NZL","AVWAGE","TOT","USD","A","2002",34112.5889677947,
"NZL","AVWAGE","TOT","USD","A","2003",35358.6888456399,
"NZL","AVWAGE","TOT","USD","A","2004",36608.1637134104,
"NZL","AVWAGE","TOT","USD","A","2005",37231.1636875941,
"NZL","AVWAGE","TOT","USD","A","2006",37469.9326224202,
"NZL","AVWAGE","TOT","USD","A","2007",39676.1419055109,
"NZL","AVWAGE","TOT","USD","A","2008",39238.8245988835,
"NZL","AVWAGE","TOT","USD","A","2009",39723.0820568625,
"NZL","AVWAGE","TOT","USD","A","2010",40104.9191832101,
"NZL","AVWAGE","TOT","USD","A","2011",40105.7438104901,
"NZL","AVWAGE","TOT","USD","A","2012",40951.3270436643,
"NZL","AVWAGE","TOT","USD","A","2013",40494.8778103478,
"NZL","AVWAGE","TOT","USD","A","2014",40808.4242275452,
"NZL","AVWAGE","TOT","USD","A","2015",41672.7753186666,
"NZL","AVWAGE","TOT","USD","A","2016",43183.1304778431,
"NZL","AVWAGE","TOT","USD","A","2017",43398.9973135897,
"NZL","AVWAGE","TOT","USD","A","2018",43769.6195358576,
"NZL","AVWAGE","TOT","USD","A","2019",44030.7451831187,
"CHL","AVWAGE","TOT","USD","A","1996",15319.5251540049,
"CHL","AVWAGE","TOT","USD","A","1997",16368.527228671,
"CHL","AVWAGE","TOT","USD","A","1998",17111.857342509,
"CHL","AVWAGE","TOT","USD","A","1999",17975.0593735308,
"CHL","AVWAGE","TOT","USD","A","2000",17945.3554076607,
"CHL","AVWAGE","TOT","USD","A","2001",18437.0292074449,
"CHL","AVWAGE","TOT","USD","A","2002",18597.5217292306,
"CHL","AVWAGE","TOT","USD","A","2003",18999.7322815721,
"CHL","AVWAGE","TOT","USD","A","2004",18484.2292558369,
"CHL","AVWAGE","TOT","USD","A","2005",18278.6067262216,
"CHL","AVWAGE","TOT","USD","A","2006",18770.8487809508,
"CHL","AVWAGE","TOT","USD","A","2007",19298.4041360532,
"CHL","AVWAGE","TOT","USD","A","2008",19843.187466823,
"CHL","AVWAGE","TOT","USD","A","2009",21343.8857471754,
"CHL","AVWAGE","TOT","USD","A","2010",24236.996134048,
"CHL","AVWAGE","TOT","USD","A","2011",24369.0770933439,
"CHL","AVWAGE","TOT","USD","A","2012",25153.4860527041,
"CHL","AVWAGE","TOT","USD","A","2013",25802.9985225177,
"CHL","AVWAGE","TOT","USD","A","2014",26016.9759886905,
"CHL","AVWAGE","TOT","USD","A","2015",26001.0751067959,
"CHL","AVWAGE","TOT","USD","A","2016",27044.3887330035,
"CHL","AVWAGE","TOT","USD","A","2017",26313.0175203562,
"CHL","AVWAGE","TOT","USD","A","2018",26369.4974123719,
"CHL","AVWAGE","TOT","USD","A","2019",26915.8365049051,
"LVA","AVWAGE","TOT","USD","A","1996",9715.6732256153,
"LVA","AVWAGE","TOT","USD","A","1997",10160.8089409824,
"LVA","AVWAGE","TOT","USD","A","1998",10465.14669945,
"LVA","AVWAGE","TOT","USD","A","1999",10901.4326340477,
"LVA","AVWAGE","TOT","USD","A","2000",11477.4053975052,
"LVA","AVWAGE","TOT","USD","A","2001",11865.7359509698,
"LVA","AVWAGE","TOT","USD","A","2002",11485.08710706,
"LVA","AVWAGE","TOT","USD","A","2003",12340.4324309107,
"LVA","AVWAGE","TOT","USD","A","2004",13362.0043018152,
"LVA","AVWAGE","TOT","USD","A","2005",15551.4871859208,
"LVA","AVWAGE","TOT","USD","A","2006",17181.5603977178,
"LVA","AVWAGE","TOT","USD","A","2007",21192.9296450199,
"LVA","AVWAGE","TOT","USD","A","2008",21874.8604084734,
"LVA","AVWAGE","TOT","USD","A","2009",19693.34727418,
"LVA","AVWAGE","TOT","USD","A","2010",18982.2875415933,
"LVA","AVWAGE","TOT","USD","A","2011",18316.4976476829,
"LVA","AVWAGE","TOT","USD","A","2012",19066.7350291927,
"LVA","AVWAGE","TOT","USD","A","2013",20004.7628994586,
"LVA","AVWAGE","TOT","USD","A","2014",21306.8508939602,
"LVA","AVWAGE","TOT","USD","A","2015",23258.3822193432,
"LVA","AVWAGE","TOT","USD","A","2016",24662.5120218066,
"LVA","AVWAGE","TOT","USD","A","2017",25620.4269765054,
"LVA","AVWAGE","TOT","USD","A","2018",26764.5630627543,
"LVA","AVWAGE","TOT","USD","A","2019",28453.5867518221,
"LTU","AVWAGE","TOT","USD","A","1995",8442.90582440317,
"LTU","AVWAGE","TOT","USD","A","1996",9416.9100402349,
"LTU","AVWAGE","TOT","USD","A","1997",10414.2742150498,
"LTU","AVWAGE","TOT","USD","A","1998",11368.3989470723,
"LTU","AVWAGE","TOT","USD","A","1999",11841.9183027593,
"LTU","AVWAGE","TOT","USD","A","2000",11866.9180659242,
"LTU","AVWAGE","TOT","USD","A","2001",12547.1198494918,
"LTU","AVWAGE","TOT","USD","A","2002",13398.7781387593,
"LTU","AVWAGE","TOT","USD","A","2003",14838.1033513249,
"LTU","AVWAGE","TOT","USD","A","2004",16412.8075315003,
"LTU","AVWAGE","TOT","USD","A","2005",18123.9040719181,
"LTU","AVWAGE","TOT","USD","A","2006",20755.241609581,
"LTU","AVWAGE","TOT","USD","A","2007",22110.0021446172,
"LTU","AVWAGE","TOT","USD","A","2008",22472.4192995652,
"LTU","AVWAGE","TOT","USD","A","2009",19594.0342679638,
"LTU","AVWAGE","TOT","USD","A","2010",19694.4288162551,
"LTU","AVWAGE","TOT","USD","A","2011",20106.2011726296,
"LTU","AVWAGE","TOT","USD","A","2012",20412.3031982916,
"LTU","AVWAGE","TOT","USD","A","2013",21226.3059636859,
"LTU","AVWAGE","TOT","USD","A","2014",22180.4552948269,
"LTU","AVWAGE","TOT","USD","A","2015",23593.3563655968,
"LTU","AVWAGE","TOT","USD","A","2016",24853.8556932089,
"LTU","AVWAGE","TOT","USD","A","2017",26258.4256991333,
"LTU","AVWAGE","TOT","USD","A","2018",27368.0066694313,
"LTU","AVWAGE","TOT","USD","A","2019",28913.897758748,
